<?xml version="1.0" encoding="UTF-8"?>
<project-private xmlns="http://www.netbeans.org/ns/project-private/1">
    <editor-bookmarks xmlns="http://www.netbeans.org/ns/editor-bookmarks/2" lastBookmarkId="0"/>
    <open-files xmlns="http://www.netbeans.org/ns/projectui-open-files/2">
        <group>
            <file>file:/C:/Users/Aykut/Desktop/PassBox/src/User_Edit_Page.java</file>
            <file>file:/C:/Users/Aykut/Desktop/PassBox/src/User_Control_Panel_Page.java</file>
            <file>file:/C:/Users/Aykut/Desktop/PassBox/PassBox/PassBox/src/Update_Password_Page.java</file>
            <file>file:/C:/Users/Aykut/Desktop/PassBox/PassBox/PassBox/src/Delete_Password_Page.java</file>
        </group>
    </open-files>
</project-private>
